<?xml version="1.0" encoding="utf-8"?>
<extension type="module" version="1.6.0" client="site" method="upgrade">
<name>Jshopping Search</name>
    <creationDate>05.01.2017</creationDate>
    <author>MAXXmarketing GmbH</author>
    <authorEmail>marketing@maxx-marketing.net</authorEmail>
    <authorUrl>http://www.webdesigner-profi.de</authorUrl>
    <copyright></copyright>
    <license>Open Source License, GNU GPL</license>
    <version>4.1.2</version>
    <description>Displays a joomshopping search</description>
    <files>
        <filename module="mod_jshopping_search">mod_jshopping_search.php</filename>
        <filename>tmpl/default.php</filename>
        <filename>helper.php</filename>
        <filename>element/categories.php</filename>        
    </files>
    <languages>
        <language tag="en-GB">en-GB.mod_jshopping_search.ini</language>
		<language tag="ru-RU">ru-RU.mod_jshopping_search.ini</language>
        <language tag="de-DE">de-DE.mod_jshopping_search.ini</language>
    </languages>     
    <config>
        <fields name="params">
            <fieldset name="basic">  
                <field
                    name="advanced_search"
                    type="radio"
                    default="1"
                    label="SHOW ADVANCED SEARCH LINK"
                    description="PARAMADVANCEDSEARCH">
                    <option
                        value="0">JNO</option>
                    <option
                        value="1">JYES</option>
                </field>
                <field  
                    name="category_id" 
                    type="categories" 
                    default=""                    
                    label="SEARCH IN CATEGORY" 
                    description="SEARCH IN CATEGORY" 
                    addfieldpath="/modules/mod_jshopping_search/element"/>                    
                <field
                    name="moduleclass_sfx"
                    type="text"
                    label="COM_MODULES_FIELD_MODULECLASS_SFX_LABEL"
                    description="COM_MODULES_FIELD_MODULECLASS_SFX_DESC" />   
				<field
                    name="search_type"
                    type="list"
                    default="any"
                    label="JSHOPING_SEARCH_TYPE_NAME"
                    description="">
                    <option
                        value="any">JSHOPING_SEARCH_TYPE_ANY</option>
                    <option
                        value="all">JSHOPING_SEARCH_TYPE_ALL</option>
                    <option
                        value="exact">JSHOPING_SEARCH_TYPE_EXACT</option>
                </field>
            </fieldset> 
        </fields>
    </config>        
</extension>