<?xml version="1.0" encoding="UTF-8" ?>
<module>
	<name>mandarinpay</name>
	<displayName><![CDATA[MandarinPay]]></displayName>
	<version><![CDATA[1.0.0]]></version>
	<description><![CDATA[Accept payments by MandarinPay.]]></description>
	<author><![CDATA[MandarinPay]]></author>
	<tab><![CDATA[payments_gateways]]></tab>
	<confirmUninstall><![CDATA[Уверены, что хотите удалить настройки mandarinpay]]></confirmUninstall>
	<is_configurable>1</is_configurable>
	<need_instance>1</need_instance>
	<limited_countries></limited_countries>
</module>