<?xml version="1.0" encoding="utf-8"?>
<extension
    type="module" version="1.6.0" client="site" method="upgrade">
<name>Jshopping Currencies</name>
    <creationDate>20.12.2012</creationDate>
    <author>MAXXmarketing GmbH</author>
    <authorEmail>marketing@maxx-marketing.net</authorEmail>
    <authorUrl>http://www.webdesigner-profi.de</authorUrl>
    <copyright></copyright>
    <license>Open Source License, GNU GPL</license>
    <version>4.0.1</version>
    <description>Displays a joomshopping currencies select list</description>
    <files>
        <filename module="mod_jshopping_currencies">mod_jshopping_currencies.php</filename>
        <filename>tmpl/default.php</filename>
    </files>
    <config>
        <fields name="params">
            <fieldset name="basic">  
                <field
                    name="moduleclass_sfx"
                    type="text"
                    label="COM_MODULES_FIELD_MODULECLASS_SFX_LABEL"
                    description="COM_MODULES_FIELD_MODULECLASS_SFX_DESC" />                               
            </fieldset> 
        </fields>
    </config>     
</extension>