<?xml version="1.0" encoding="UTF-8" ?>
<extension version="4" type="plugin" method="upgrade" group="vmpayment">
    <name>vmpayment - Mandarin</name>
    <creationDate>January 2022</creationDate>
    <author>MandarinLtd</author>
    <authorEmail>admin@mandarin.io</authorEmail>
    <authorUrl>https://mandarin.io</authorUrl>
    <copyright>2022 MandarinLtd</copyright>
    <license>GNU/GPL, http://www.gnu.org/licenses/gpl-2.0.html</license>
    <version>1.0</version>
    <description>VirtuemartPayment - Mandarin is a plugin that provides an ability to make payments via Mandarin by simple form.</description>
	
	<files>
		<filename plugin="mandarinbank">mandarinbank.php</filename>
	</files>
	
    <vmconfig>
        <fields name="params">       		
			<fieldset name="payment" addfieldpath="/administrator/components/com_virtuemart/fields">			
				<field name="merchant_id" type="text" size="100" label="ID кошелька" description="merchant_id"/>		
				<field name="secret" type="text" size="100" label="Секретный ключ" description="secret"/>
				<field type="vmorderstate" name="status_success" scope="com_virtuemart" default="C" label="Статус заказа в случае успеха:" description="Успешно" />
				<field type="vmorderstate" name="status_canceled" scope="com_virtuemart" default="X" label="Статус заказа в случае неудачи:" description="Отмена" />
			</fieldset>
        </fields>
    </vmconfig>
    <updateservers>
        <server type="extension" name="UpdateServer">https://github.com/mksnmx/mandarin-cms/raw/main/Joomla/VirtueMart/Joomla4/update.xml</server>
    </updateservers>
</extension>